preset,trials,oriented_mul,keygen_s,successes,failures,success_rate,max_support_seen_after_mul,median_encrypt_s,median_expand_s,median_eval_add_s,median_eval_mul_s,median_compact_s,median_decrypt_s,median_end_to_end_mul_s
toy_clean,5,False,0.005233402000158094,5,0,1.0,17,5.2597999911085935e-05,0.0006095989997447759,0.00011885499998243176,0.0008958020002864941,0.0030937139999878127,0.00015800300025148317,0.004134660000090662
toy_noisy,5,False,0.016856420999829425,5,0,1.0,24,0.00015045200007079984,0.003494345000035537,0.0007704070003455854,0.0053778940000484,0.03792229300006511,0.0014529139998558094,0.044612634999793954
toy_depth2,5,False,0.02592329899971446,5,0,1.0,7,0.00018469199994797236,0.0027846889997817925,0.0006430879998333694,0.0022914410001249053,0.03171557500036215,0.0036587690001397277,0.03755899700036025
