trial,preset,gate,ok,expected,got,input_time_s,eval_time_s,compact_decrypt_time_s,total_time_s,max_row_support,total_output_nnz
0,toy_noisy,xor,True,0,0,0.015187212999990152,0.03229463900015617,0.5222216140000455,0.5697034660001918,25,5922
1,toy_noisy,xor,True,0,0,0.013671511000211467,0.02920306799978789,0.5283623889999944,0.5712369679999938,25,5905
2,toy_noisy,xor,True,0,0,0.014149728000120376,0.032683523000287096,0.510645872999703,0.5574791240001105,25,5963
