{
  "results": [
    {
      "preset": "toy_clean",
      "trials": 5,
      "oriented_mul": false,
      "keygen_s": 0.005233402000158094,
      "median_timings_s": {
        "encrypt_s": 5.2597999911085935e-05,
        "expand_s": 0.0006095989997447759,
        "eval_add_s": 0.00011885499998243176,
        "eval_mul_s": 0.0008958020002864941,
        "compact_s": 0.0030937139999878127,
        "decrypt_s": 0.00015800300025148317,
        "end_to_end_mul_s": 0.004134660000090662
      },
      "successes": 5,
      "failures": 0,
      "success_rate": 1.0,
      "max_support_seen_after_mul": 17
    },
    {
      "preset": "toy_noisy",
      "trials": 5,
      "oriented_mul": false,
      "keygen_s": 0.016856420999829425,
      "median_timings_s": {
        "encrypt_s": 0.00015045200007079984,
        "expand_s": 0.003494345000035537,
        "eval_add_s": 0.0007704070003455854,
        "eval_mul_s": 0.0053778940000484,
        "compact_s": 0.03792229300006511,
        "decrypt_s": 0.0014529139998558094,
        "end_to_end_mul_s": 0.044612634999793954
      },
      "successes": 5,
      "failures": 0,
      "success_rate": 1.0,
      "max_support_seen_after_mul": 24
    },
    {
      "preset": "toy_depth2",
      "trials": 5,
      "oriented_mul": false,
      "keygen_s": 0.02592329899971446,
      "median_timings_s": {
        "encrypt_s": 0.00018469199994797236,
        "expand_s": 0.0027846889997817925,
        "eval_add_s": 0.0006430879998333694,
        "eval_mul_s": 0.0022914410001249053,
        "compact_s": 0.03171557500036215,
        "decrypt_s": 0.0036587690001397277,
        "end_to_end_mul_s": 0.03755899700036025
      },
      "successes": 5,
      "failures": 0,
      "success_rate": 1.0,
      "max_support_seen_after_mul": 7
    }
  ]
}
